Name,InspectionAddress,Full Address,BillingType,Status,Billing Type Specification,Store Type,Sells Produce,Latitude,Longitude
"""A"" Street Station (Grocery)",2800 E A St  Pasco WA 99301,"""A"" Street Station,2800 E A St  Pasco WA 99301",1-4 Registers (Grocery),Permitted,(Grocery),(Grocery),Grocery,46.2265574,-119.073455
3 Pueblos Meat Market (Store),1212 N 4th Ave  Pasco WA 99301,"3 Pueblos Meat Market, 1212 N 4th Ave  Pasco WA 99301",1-4 Registers (Grocery),Permitted,(Grocery),(Store),,46.2386807,-119.0952986
"A & A Mini Mart, LLC (Store)",919 W Court St  Pasco WA 99301,"A & A Mini Mart,LLC ,919 W Court St  Pasco WA 99301",1-4 Registers (Grocery),Permitted,(Grocery),(Store),,14.8971921,100.83273
AFC Sushi @ Fred Meyer #163 (HACCP),2811 W 10th Ave  Kennewick WA 99336,"Fred Meyer, 2811 W 10th Ave  Kennewick WA 99336",Map Facilities (Grocery),Permitted,(Grocery),(HACCP),Food Service,46.197076949999996,-119.16158102413522
AFC Sushi @ Fred Meyer #286 (HACCP),101  Wellsian Way  Richland WA 99352,"Fred Meyer, 101  Wellsian Way  Richland WA 99352",Map Facilities (Grocery),Permitted,(Grocery),(HACCP),Food Service,46.2607747,-119.28526158203603
AFC Sushi @ Safeway #0252 (HACCP),690  Gage Blvd  Richland WA 99352,"Safeway, 690  Gage Blvd  Richland WA 99352",Map Facilities (Grocery),Permitted,(Grocery),(HACCP),Food Service,46.22744838852586,-119.27988998461412
AFC Sushi @ Safeway #3253 (HACCP),5204 W Clearwater Ave  Kennewick WA 99336,"Safeway, 5204 W Clearwater Ave  Kennewick WA 99336",Map Facilities (Grocery),Permitted,(Grocery),(HACCP),Food Service,46.2138661,-119.192693
AFC Sushi @ Safeway #333 (HACCP),1803  George Washington Way  Richland WA 99354,"Safeway,1803  George Washington Way  Richland WA 99354",Map Facilities (Grocery),Permitted,(Grocery),(HACCP),Food Service,46.2995078,-119.27589754745952
Albasha Market (Store),3509 W Clearwater Ave  Kennewick WA 99336,"Albasha Market ,3509 W Clearwater Ave  Kennewick WA 99336",1-4 Registers (Grocery),Permitted,(Grocery),(Store),,46.212238,-119.16964591963718
Albertson's #228 (Store),1330 N 20th Ave  Pasco WA 99301,"Albertson's  ,1330 N 20th Ave  Pasco WA 99301",10+ Registers (Grocery),Permitted,(Grocery),(Store),,46.241092787234045,-119.11750768085106
Albertson's #3253 (Store/Produce),5204 W Clearwater Ave  Kennewick WA 99336,"Albertson's  ,5204 W Clearwater Ave  Kennewick WA 99336",5-9 Registers (Grocery),Permitted,(Grocery),(Store/Produce),,46.2138661,-119.192693
Amarilis Meat Market II (Grocery),1088/1086  George Washington Way  Richland WA 99352,"Amarilis Meat Market II ,1088/1086  George Washington Way  Richland WA 99352",1-4 Registers (Grocery),Permitted,(Grocery),(Grocery),Grocery,,
Amarilis's Meat Market (Store),1825 W Court St  Pasco WA 99301,"Amarilis's Meat Market ,1825 W Court St  Pasco WA 99301",1-4 Registers (Grocery),Permitted,(Grocery),(Store),,46.2419069,-119.113887
Ameristar #20 (Store),101  Merlot Dr  Prosser WA 99350,"Ameristar  ,101  Merlot Dr  Prosser WA 99350",1-4 Registers (Grocery),Permitted,(Grocery),(Store),,46.220016,-119.790938
Antojitos Cuernavaca,10 E Bruneau   Kennewick WA 99336,"Antojitos Cuernavaca, 10 E Bruneau   Kennewick WA 99336",0 Seats,Permitted,(None,,Food Service,,
Antojitos el buen dia,10 E Bruneau Ave  Kennewick WA 99336,"Antojitos el buen dia,10 E Bruneau Ave  Kennewick WA 99336",0 Seats,Permitted,(None,,Food Service,46.21062083333334,-119.11673458333333
Basin City Hot Spot (Food Service),7380  Road 170   Mesa WA 99343,"Basin City Hot Spot, 7380  Road 170   Mesa WA 99343",0 Seats,Permitted,(None,(Food Service),Food Service,,
Basin City Hot Spot (Store),7380  Road 170   Mesa WA 99343,"Basin City Hot Spot ,7380  Road 170   Mesa WA 99343",1-4 Registers (Grocery),Permitted,(Grocery),(Store),,,
Big Lots #4469 (Store),3019 W Kennewick Ave  Kennewick WA 99336,"Big Lots  ,3019 W Kennewick Ave  Kennewick WA 99336",1-4 Registers (Grocery),Permitted,(Grocery),(Store),,46.2094176816871,-119.16076273553149
Big Lots #4481 (Store),1743  George Washington Way  Richland WA 99354,"Big Lots  ,1743  George Washington Way  Richland WA 99354",1-4 Registers (Grocery),Permitted,(Grocery),(Store),,46.2983502,-119.275653
Breakplace (Store),5304 W Canal Dr  Kennewick WA 99336,"Breakplace ,5304 W Canal Dr  Kennewick WA 99336",1-4 Registers (Grocery),Permitted,(Grocery),(Store),,46.22330850207073,-119.1918897174262
Broadway Flying 'J' Truckstop (Store),2216 E Hillsboro Rd  Pasco WA 99301,"Broadway Flying 'J' Truckstop ,2216 E Hillsboro Rd  Pasco WA 99301",1-4 Registers (Grocery),Permitted,(Grocery),(Store),,,
Bryan's Meat Co. (HACCP),525 N Commercial Ave  Pasco WA 99301,"Bryan's Meat Co., 525 N Commercial Ave  Pasco WA 99301",Map Facilities (Grocery),Permitted,(Grocery),(HACCP),Food Service,46.253554,-119.077697
Bryan's Meat Co. (Store),525 N Commercial Ave  Pasco WA 99301,"Bryan's Meat Co. ,525 N Commercial Ave  Pasco WA 99301",1-4 Registers (Grocery),Permitted,(Grocery),(Store),,46.253554,-119.077697
By-Pass Food Mart (Store),2201  Stevens Dr  Richland WA 99352,"By-Pass Food Mart ,2201  Stevens Dr  Richland WA 99352",1-4 Registers (Grocery),Permitted,(Grocery),(Store),,46.310422,-119.28475
Candy Land,1321 N Columbia Center Blvd  Kennewick WA 99336,"Candy Land,1321 N Columbia Center Blvd  Kennewick WA 99336",1-4 Registers (Grocery),Permitted,(Grocery),,Grocery,46.2198225,-119.2241614
"Carniceria 3 Pueblos, LLC (Restaurant)",2446 W Kennewick Ave  Kennewick WA 99336,"Carniceria 3 Pueblos,LLC ,2446 W Kennewick Ave  Kennewick WA 99336",0 Seats,Permitted,(None,(Restaurant),Food Service,46.20951721340193,-119.15253845822551
"Carniceria 3 Pueblos, LLC (Store)",2446 W Kennewick Ave  Kennewick WA 99336,"Carniceria 3 Pueblos,LLC ,2446 W Kennewick Ave  Kennewick WA 99336",1-4 Registers (Grocery),Permitted,(Grocery),(Store),,46.20951721340193,-119.15253845822551
Carniceria El Sol LLC (Restaurant),623  9th St  Benton City WA 99320,"Carniceria El Sol LLC ,623  9th St  Benton City WA 99320",0 Seats,Probation,(None,(Restaurant),Food Service,46.263701701950225,-119.48775100169118
Carniceria El Sol LLC (Store),623  9th St  Benton City WA 99320,"Carniceria El Sol LLC ,623  9th St  Benton City WA 99320",1-4 Registers (Grocery),Permitted,(Grocery),(Store),,46.263701701950225,-119.48775100169118
Carniceria La Cabana #3 (Store),4311 W Clearwater Ave  Kennewick WA 99336,"Carniceria La Cabana  ,4311 W Clearwater Ave  Kennewick WA 99336",1-4 Registers (Grocery),Permitted,(Grocery),(Store),,46.21228881698013,-119.1785748592525
Carniceria La Cabana #4 (Food Service),5426 N Road 68   Pasco WA 99301,"Carniceria La Cabana, 5426 N Road 68   Pasco WA 99301",0 Seats,Permitted,(None,(Food Service),Food Service,46.2766193,-119.187234
Carniceria La Cabana #4 (Store),5426 N Road 68   Pasco WA 99301,"Carniceria La Cabana  ,5426 N Road 68   Pasco WA 99301",1-4 Registers (Grocery),Permitted,(Grocery),(Store),,46.2766193,-119.187234
Carniceria La Carreta (Restaurant),1305 W 4th Ave  Kennewick WA 99336,"Carniceria La Carreta ,1305 W 4th Ave  Kennewick WA 99336",0 Seats,Permitted,(None,(Restaurant),Food Service,46.205674,-119.13631595960557
Carniceria La Carreta (Store),1305 W 4th Ave  Kennewick WA 99336,"Carniceria La Carreta ,1305 W 4th Ave  Kennewick WA 99336",1-4 Registers (Grocery),Permitted,(Grocery),(Store),,46.205674,-119.13631595960557
Carniceria La Catrina (Grocery),2115 E Lewis St  Pasco WA 99301,"Carniceria La Catrina ,2115 E Lewis St  Pasco WA 99301",1-4 Registers (Grocery),Permitted,(Grocery),(Grocery),Grocery,46.23383401770224,-119.06848400058944
Carniceria La Catrina (Grocery),2115 E Lewis St  Pasco WA 99301,"Carniceria La Catrina ,2115 E Lewis St  Pasco WA 99301",1-4 Registers (Grocery),Permitted,(Grocery),(Grocery),Grocery,46.23383401770224,-119.06848400058944
Carniceria Los Toreros (Store),210  Chardonnay Ave  Prosser WA 99350,"Carniceria Los Toreros ,210  Chardonnay Ave  Prosser WA 99350",1-4 Registers (Grocery),Permitted,(Grocery),(Store),,46.2181949,-119.7869282
Circle K #2706025 (Store),4823  Broadmoor Blvd  Pasco WA 99301,"Circle K  ,4823  Broadmoor Blvd  Pasco WA 99301",1-4 Registers (Grocery),Permitted,(Grocery),(Store),,46.27126415,-119.2210243
Circle K #2706026 (Store),1401  George Washington Way  Richland WA 99352,"Circle K  ,1401  George Washington Way  Richland WA 99352",1-4 Registers (Grocery),Permitted,(Grocery),(Store),,46.289962,-119.274425
Circle K #2706027 (Store),104 S Washington St  Kennewick WA 99336,"Circle K  ,104 S Washington St  Kennewick WA 99336",1-4 Registers (Grocery),Permitted,(Grocery),(Store),,46.20745873469388,-119.11708140816326
Circle K #2706028 (Store),3109 W Court St  Pasco WA 99301,"Circle K  ,3109 W Court St  Pasco WA 99301",1-4 Registers (Grocery),Permitted,(Grocery),(Store),,46.24213485,-119.13221554394227
Circle K #2706029 (Store),1002 S Washington St  Kennewick WA 99336,"Circle K  ,1002 S Washington St  Kennewick WA 99336",1-4 Registers (Grocery),Permitted,(Grocery),(Store),,46.19807183643672,-119.11717511468473
Circle K #2706030 (Store),5301 W Canal Dr  Kennewick WA 99336,"Circle K  ,5301 W Canal Dr  Kennewick WA 99336",1-4 Registers (Grocery),Permitted,(Grocery),(Store),,46.223144,-119.19184
Circle K #2706031 (Store),12231 W Clearwater Ave  Kennewick WA 99338,"Circle K  ,12231 W Clearwater Ave  Kennewick WA 99338",1-4 Registers (Grocery),Permitted,(Grocery),(Store),,46.1966135,-119.2647556
Circle K #2706033 (Store),4201 W 27th Ave  Kennewick WA 99336,"Circle K  ,4201 W 27th Ave  Kennewick WA 99336",1-4 Registers (Grocery),Permitted,(Grocery),(Store),,46.18482492857143,-119.17691010714285
Circle K #2706034 (Store),7707 W Deschutes Ave  Kennewick WA 99336,"Circle K  ,7707 W Deschutes Ave  Kennewick WA 99336",1-4 Registers (Grocery),Permitted,(Grocery),(Store),,46.21250254414109,-119.22499051833242
Circle K #2706035 (Store),2105 W 4th Ave  Kennewick WA 99336,"Circle K  ,2105 W 4th Ave  Kennewick WA 99336",1-4 Registers (Grocery),Permitted,(Grocery),(Store),,46.2055643,-119.1487554
Circle K #2706036 (Store),4410 W 10th Ave  Kennewick WA 99336,"Circle K  ,4410 W 10th Ave  Kennewick WA 99336",1-4 Registers (Grocery),Permitted,(Grocery),(Store),,46.2000718,-119.1809822
Circle K #2706037 (Store),3957  Van Giesen St  West Richland WA 99353,"Circle K  ,3957  Van Giesen St  West Richland WA 99353",1-4 Registers (Grocery),Permitted,(Grocery),(Store),,,
Circle K #2706039 (Store),4805  Rd 68   Pasco WA 99301,"Circle K  ,4805  Rd 68   Pasco WA 99301",1-4 Registers (Grocery),Permitted,(Grocery),(Store),,46.2604515,-119.1809685
Circle K #2706040 (Store),660 S Columbia Ave  Connell WA 99326,"Circle K  ,660 S Columbia Ave  Connell WA 99326",1-4 Registers (Grocery),Permitted,(Grocery),(Store),,46.65455575,-118.8606056
Circle K #2706043 (Store),1915 N Columbia Center Blvd  Richland WA 99352,"Circle K  ,1915 N Columbia Center Blvd  Richland WA 99352",1-4 Registers (Grocery),Permitted,(Grocery),(Store),,46.2346877,-119.2232339
Circle K #2706044 (Store),2601  Queensgate Dr  Richland WA 99352,"Circle K  ,2601  Queensgate Dr  Richland WA 99352",1-4 Registers (Grocery),Permitted,(Grocery),(Store),,46.25806512964279,-119.30756792039197
Circle K #2706048 (Store),1900 N Steptoe St  Kennewick WA 99336,"Circle K  ,1900 N Steptoe St  Kennewick WA 99336",1-4 Registers (Grocery),Permitted,(Grocery),(Store),,46.22868856790123,-119.24378728395061
Circle K #2706049 (Store),6006  Clearwater Ave  Kennewick WA 99336,"Circle K  ,6006  Clearwater Ave  Kennewick WA 99336",1-4 Registers (Grocery),Permitted,(Grocery),(Store),,46.21314485,-119.2017479
Circle K #2706050 (Store),2305 W Argent Rd  Pasco WA 99301,"Circle K  ,2305 W Argent Rd  Pasco WA 99301",1-4 Registers (Grocery),Permitted,(Grocery),(Store),,,
Circle K #9662 (FS),22 S Gum St  Kennewick WA 99336,"Circle K  ,22 S Gum St  Kennewick WA 99336",0 Seats,Permitted,(None,(FS),Food Service,46.207263303207604,-119.1071947140829
Circle K #9662 (Store),22 S Gum St  Kennewick WA 99336,"Circle K  ,22 S Gum St  Kennewick WA 99336",1-4 Registers (Grocery),Permitted,(Grocery),(Store),,46.207263303207604,-119.1071947140829
City Market (Store),415 S Rainier St  Kennewick WA 99336,"City Market ,415 S Rainier St  Kennewick WA 99336",1-4 Registers (Grocery),Permitted,(Grocery),(Store),,46.2053744,-119.1429359
Columbia Market (Store),1831 W Cartmell St  Pasco WA 99301,"Columbia Market ,1831 W Cartmell St  Pasco WA 99301",1-4 Registers (Grocery),Permitted,(Grocery),(Store),,46.2406903,-119.1123046
Connell Food & Gas Mart (Food Service),457 S Columbia Ave  Connell WA 99326,"Connell Food & Gas Mart, 457 S Columbia Ave  Connell WA 99326",0 Seats,Permitted,(None,(Food Service),Food Service,46.6569381,-118.8617548
Connell Food & Gas Mart (Store),457 S Columbia Ave  Connell WA 99326,"Connell Food & Gas Mart ,457 S Columbia Ave  Connell WA 99326",1-4 Registers (Grocery),Permitted,(Grocery),(Store),,46.6569381,-118.8617548
Costco Wholesale #486 (Store),8505 W Gage Blvd  Kennewick WA 99336,"Costco Wholesale  ,8505 W Gage Blvd  Kennewick WA 99336",10+ Registers (Grocery),Permitted,(Grocery),(Store),,46.227041393804775,-119.23542754310252
Cottage Market (Store),1825  Wine Country Rd  Prosser WA 99350,"Cottage Market ,1825  Wine Country Rd  Prosser WA 99350",1-4 Registers (Grocery),Permitted,(Grocery),(Store),,46.2108181,-119.76155490000001
Country Mercantile (Store),232  Crestloch Rd  Pasco WA 99301,"Country Mercantile ,232  Crestloch Rd  Pasco WA 99301",1-4 Registers (Grocery),Permitted,(Grocery),(Store),,,
Country Mercantile II (Store),5015  Ava Way  Richland WA 99352,"Country Mercantile II ,5015  Ava Way  Richland WA 99352",1-4 Registers (Grocery),Permitted,(Grocery),(Store),,46.2248169,-119.34251190280611
Court Street Mini Mart (Grocery),3720 W Court St  Pasco WA 99301,"Court Street Mini Mart ,3720 W Court St  Pasco WA 99301",1-4 Registers (Grocery),Permitted,(Grocery),(Grocery),Grocery,46.24125145,-119.1405042
Custom Ag Svc DBA My Garden Over Floweth (Store),33512 W SR 14   Paterson WA 99345,"Custom Ag Svc DBA My Garden Over Floweth ,33512 W SR 14   Paterson WA 99345",1-4 Registers (Grocery),Permitted,(Grocery),(Store),,,
Dallas Gasoline (FS),5151  Trowbridge Blvd  Richland WA 99352,"Dallas Gasoline ,5151  Trowbridge Blvd  Richland WA 99352",0 Seats,Permitted,(None,(FS),Food Service,46.2204772,-119.3324789
Dallas Gasoline (Store),5151  Trowbridge Blvd  Richland WA 99352,"Dallas Gasoline ,5151  Trowbridge Blvd  Richland WA 99352",1-4 Registers (Grocery),Permitted,(Grocery),(Store),,46.2204772,-119.3324789
Dan's Market,424 S Gum St  Kennewick WA 99336,"Dan's Market,424 S Gum St  Kennewick WA 99336",1-4 Registers (Grocery),Permitted,(Grocery),,Grocery,46.203378,-119.10725919512196
"Desert Food Mart, LLC (Store)",10806  Kennedy Rd  Benton City WA 99320,"Desert Food Mart,LLC ,10806  Kennedy Rd  Benton City WA 99320",1-4 Registers (Grocery),Permitted,(Grocery),(Store),,46.2520525,-119.4744002
Devin Oil Co. Inc./ Mobil 1 (Store),2601 W Court St  Pasco WA 99301,"Devin Oil Co. Inc./ Mobil 1 ,2601 W Court St  Pasco WA 99301",1-4 Registers (Grocery),Permitted,(Grocery),(Store),,46.241587,-119.125412
Dollar General (Connell) #22071 (Store),182  Hawthorne St  Connell WA 99326,"Dollar General ,182  Hawthorne St  Connell WA 99326",1-4 Registers (Grocery),Permitted,(Grocery),(Connell)  (Store),Grocery,46.6514492,-118.8599264
Dollar General (P) #22672 (Grocery),1409 E Lewis St  Pasco WA 99301,"Dollar General ,1409 E Lewis St  Pasco WA 99301",1-4 Registers (Grocery),Permitted,(Grocery),(P)  (Grocery),Grocery,46.233882,-119.078316
Dollar General Store #21945 (Grocery),210  2nd St  Benton City WA 99320,"Dollar General Store  ,210  2nd St  Benton City WA 99320",1-4 Registers (Grocery),Permitted,(Grocery),(Grocery),Grocery,46.25628277650258,-119.47781527244915
Dollar Tree #07823,1307  Jadwin Ave  Richland WA 99354,"Dollar Tree ,1307  Jadwin Ave  Richland WA 99354",1-4 Registers (Grocery),Permitted,(Grocery),,Grocery,46.28666362657752,-119.27779273044376
Dollar Tree #2566 (Store),87  Columbia Point Dr  Richland WA 99352,"Dollar Tree  ,87  Columbia Point Dr  Richland WA 99352",1-4 Registers (Grocery),Permitted,(Grocery),(Store),,46.26401173402632,-119.26470318158826
Dollar Tree #2696 (Store),3017 W Kennewick Ave  Kennewick WA 99336,"Dollar Tree  ,3017 W Kennewick Ave  Kennewick WA 99336",1-4 Registers (Grocery),Permitted,(Grocery),(Store),,46.20941744265321,-119.16074765466638
Dollar Tree #3450 (Store),7411  Canal Dr  Kennewick WA 99336,"Dollar Tree  ,7411  Canal Dr  Kennewick WA 99336",1-4 Registers (Grocery),Permitted,(Grocery),(Store),,46.22529145,-119.21938571140433
Dollar Tree #7359 (Store),5710 N Road 68   Pasco WA 99301,"Dollar Tree  ,5710 N Road 68   Pasco WA 99301",1-4 Registers (Grocery),Permitted,(Grocery),(Store),,46.2663536,-119.1826085
"Eastside Brothers, LLC (Store)",1303 E Lewis St  Pasco WA 99301,"Eastside Brothers,LLC ,1303 E Lewis St  Pasco WA 99301",1-4 Registers (Grocery),Permitted,(Grocery),(Store),,46.233513490196074,-119.07985115686274
Eastside Market (FS),335  Wine Country Rd  Prosser WA 99350,"Eastside Market ,335  Wine Country Rd  Prosser WA 99350",0 Seats,Permitted,(None,(FS),Food Service,46.212733688476085,-119.78116588907949
Eastside Market (Store),335  Wine Country Rd  Prosser WA 99350,"Eastside Market ,335  Wine Country Rd  Prosser WA 99350",1-4 Registers (Grocery),Permitted,(Grocery),(Store),,46.212733688476085,-119.78116588907949
El Jazmin (Store),704 S Columbia Ave  Connell WA 99326,"El Jazmin ,704 S Columbia Ave  Connell WA 99326",1-4 Registers (Grocery),Permitted,(Grocery),(Store),Grocery/Sells Produce,46.6540581,-118.8609688
El Torito MX Market (Store),420 W Lewis St  Pasco WA 99301,"El Torito MX Market ,420 W Lewis St  Pasco WA 99301",1-4 Registers (Grocery),Permitted,(Grocery),(Store),,46.2305483,-119.091251
Elhag Africa Food (Grocery),126  Vista Way  Kennewick WA 99336,"Elhag Africa Food ,126  Vista Way  Kennewick WA 99336",1-4 Registers (Grocery),Permitted,(Grocery),(Grocery),Grocery,46.211114,-119.15716942857144
Euro-Market (Store),3101 W Clearwater Ave  Kennewick WA 99336,"Euro-Market ,3101 W Clearwater Ave  Kennewick WA 99336",1-4 Registers (Grocery),Permitted,(Grocery),(Store),,46.212196,-119.162444
European Delights (Store),4434 W Clearwater Ave  Kennewick WA 99336,"European Delights ,4434 W Clearwater Ave  Kennewick WA 99336",1-4 Registers (Grocery),Permitted,(Grocery),(Store),,46.21246840487261,-119.18152753679269
Family Dollar,920 N 20th Ave  Pasco WA 99301,"Family Dollar,920 N 20th Ave  Pasco WA 99301",1-4 Registers (Grocery),Permitted,(Grocery),,Grocery,46.23711885714285,-119.11754359183674
Family Food (Store),5608 W Clearwater Ave  Kennewick WA 99336,"Family Food ,5608 W Clearwater Ave  Kennewick WA 99336",1-4 Registers (Grocery),Permitted,(Grocery),(Store),,46.212509,-119.19687736810567
Fiesta Foods (Kiosk),115 S 10th Ave  Pasco WA 99301,"Fiesta Foods ,115 S 10th Ave  Pasco WA 99301",0 Seats,Permitted,(None,(Kiosk),Food Service,46.22812628571428,-119.10123114285715
Fiesta Foods (Store),115 S 10th Ave  Pasco WA 99301,"Fiesta Foods ,115 S 10th Ave  Pasco WA 99301",10+ Registers (Grocery),Permitted,(Grocery),(Store),,46.22812628571428,-119.10123114285715
Finley General Store (Store),214410 E SR 397   Kennewick WA 99337,"Finley General Store ,214410 E SR 397   Kennewick WA 99337",1-4 Registers (Grocery),Permitted,(Grocery),(Store),,46.196591,-119.0858052
Finley Shopper (FS),222608 E Game Farm Rd  Kennewick WA 99337,"Finley Shopper ,222608 E Game Farm Rd  Kennewick WA 99337",0 Seats,Permitted,(None,(FS),Food Service,,
Finley Shopper (Grocery),222608 E Game Farm Rd  Kennewick WA 99337,"Finley Shopper ,222608 E Game Farm Rd  Kennewick WA 99337",1-4 Registers (Grocery),Permitted,(Grocery),(Grocery),Grocery,,
Fred Meyer #163 (Store),2811 W 10th Ave  Kennewick WA 99336,"Fred Meyer  ,2811 W 10th Ave  Kennewick WA 99336",10+ Registers (Grocery),Permitted,(Grocery),(Store),,46.19707695,-119.161581
Fred Meyer #286 (Store),101  Wellsian Way  Richland WA 99352,"Fred Meyer  ,101  Wellsian Way  Richland WA 99352",10+ Registers (Grocery),Permitted,(Grocery),(Store),,46.2607747,-119.28526158203603
Fruta La Piconsita #63,10 E Bruneau Ave  Kennewick WA 99336,"Fruta La Piconsita ,10 E Bruneau Ave  Kennewick WA 99336",0 Seats,Permitted,(None,,Food Service,46.21062083333334,-119.11673458333333
Galaxy Mart II (Store),1301  Jadwin Ave  Richland WA 99354,"Galaxy Mart II ,1301  Jadwin Ave  Richland WA 99354",1-4 Registers (Grocery),Permitted,(Grocery),(Store),,46.28585,-119.278019
Garcias Market (Grocery),804  6th St  Prosser WA 99350,"Garcias Market ,804  6th St  Prosser WA 99350",1-4 Registers (Grocery),Permitted,(Grocery),(Grocery),Grocery,46.204406480542545,-119.76823809484094
Garfield Mart (Store),30 S Garfield St  Kennewick WA 99336,"Garfield Mart ,30 S Garfield St  Kennewick WA 99336",1-4 Registers (Grocery),Permitted,(Grocery),(Store),,46.20753558333333,-119.127528
Gateway Chevron,20  Merlot Dr  Prosser WA 99350,"Gateway Chevron,20  Merlot Dr  Prosser WA 99350",1-4 Registers (Grocery),Permitted,(Grocery),,Grocery,46.2199984,-119.7863483
Golden Dragon Asian Grocers (Store),4727 W Clearwater Ave  Kennewick WA 99336,"Golden Dragon Asian Grocers ,4727 W Clearwater Ave  Kennewick WA 99336",1-4 Registers (Grocery),Permitted,(Grocery),(Store),,46.2122688,-119.1616751
Golden Roll Sushi #0367 (HACCP),TBD W Rio Grande   Kennewick WA 99336,"Golden Roll Sushi  ,TBD W Rio Grande   Kennewick WA 99336",Map Facilities (Grocery),Permitted,(Grocery),(HACCP),Food Service,,
Golden Triangle Asian Market,2810 W Kennewick ave Suite D Ave  Kennewick WA 99336,"Golden Triangle Asian Market,2810 W Kennewick ave Suite D Ave  Kennewick WA 99336",1-4 Registers (Grocery),Pending,(Grocery),,Grocery,,
Grand Central Coffee Station (Store),2205 W Court St  Pasco WA 99301,"Grand Central Coffee Station ,2205 W Court St  Pasco WA 99301",1-4 Registers (Grocery),Permitted,(Grocery),(Store),,46.2418312,-119.120667
Grocery Outlet - Kennewick (Store),1325 W 4th Ave  Kennewick WA 99336,"Grocery Outlet - Kennewick ,1325 W 4th Ave  Kennewick WA 99336",1-4 Registers (Grocery),Permitted,(Grocery),(Store),,46.20567463758286,-119.1366057564361
Grocery Outlet (Prosser),1309  Meade Ave  Prosser WA 99350,"Grocery Outlet ,1309  Meade Ave  Prosser WA 99350",1-4 Registers (Grocery),Pending,(Grocery),(Prosser),Grocery,46.206195107239516,-119.76799473114744
Grocery Outlet (Store),5710 N Road 68   Pasco WA 99301,"Grocery Outlet ,5710 N Road 68   Pasco WA 99301",5-9 Registers (Grocery),Permitted,(Grocery),(Store),,46.2663536,-119.1826085
Grocery Outlet of Richland,2901 W Queensgate Dr  Richland WA 99352,"Grocery Outlet of Richland,2901 W Queensgate Dr  Richland WA 99352",5-9 Registers (Grocery),Permitted,(Grocery),,Grocery,,
Helados La Michoacana LLC (Store),402 N Ely St  Kennewick WA 99336,"Helados La Michoacana LLC ,402 N Ely St  Kennewick WA 99336",1-4 Registers (Grocery),Pending,(Grocery),(Store),,46.2150473,-119.1582877
Highland Health Foods (Store),101  Vista Way  Kennewick WA 99336,"Highland Health Foods ,101  Vista Way  Kennewick WA 99336",1-4 Registers (Grocery),Permitted,(Grocery),(Store),,46.21055955,-119.15734050917462
Horn Rapids RV Resort (Store),2640  Kingsgate Way  Richland WA 99352,"Horn Rapids RV Resort ,2640  Kingsgate Way  Richland WA 99352",1-4 Registers (Grocery),Permitted,(Grocery),(Store),,46.3271391,-119.3144486
Horse Heaven Supply,118307 S SR 221   Prosser WA 99350,"Horse Heaven Supply,118307 S SR 221   Prosser WA 99350",1-4 Registers (Grocery),Permitted,(Grocery),,Grocery,,
Island View Market & Deli (Store),1607  Columbia Park Trail  Richland WA 99352,"Island View Market & Deli ,1607  Columbia Park Trail  Richland WA 99352",1-4 Registers (Grocery),Permitted,(Grocery),(Store),,47.3225902,-122.6586171
JC's Mesa Grocery and Deli (Grocery),102  1st Ave  Mesa WA 99343,"JC's Mesa Grocery and Deli ,102  1st Ave  Mesa WA 99343",1-4 Registers (Grocery),Permitted,(Grocery),(Grocery),Grocery,46.57855585,-119.0072235506027
Jet Mart Conoco (Store),1001 N Volland St  Kennewick WA 99336,"Jet Mart Conoco ,1001 N Volland St  Kennewick WA 99336",1-4 Registers (Grocery),Permitted,(Grocery),(Store),,46.22095510733621,-119.18114250275737
"Juanitos Foods, LLC (Store)",1620 W Clark St  Pasco WA 99301,"Juanitos Foods,LLC ,1620 W Clark St  Pasco WA 99301",1-4 Registers (Grocery),Permitted,(Grocery),(Store),,46.22856369387755,-119.10992920408164
Juanitos Prime Meats (Grocery),4812 W Clearwater Ave  Kennewick WA 99336,"Juanitos Prime Meats ,4812 W Clearwater Ave  Kennewick WA 99336",1-4 Registers (Grocery),Permitted,(Grocery),(Grocery),Grocery,46.212479628632835,-119.18558707603688
Juliana's Meat Market (Store),5413 W Van Giesen St  West Richland WA 99353,"Juliana's Meat Market ,5413 W Van Giesen St  West Richland WA 99353",1-4 Registers (Grocery),Permitted,(Grocery),(Store),,46.303563898605795,-119.357779590032
Just A Minit Mart (Store),712  9th St  Benton City WA 99320,"Just A Minit Mart ,712  9th St  Benton City WA 99320",1-4 Registers (Grocery),Permitted,(Grocery),(Store),,46.26521899649294,-119.4874519071049
Kabana-King - (Grocery),1305  Jadwin Ave  Richland WA 99354,"Kabana-King - ,1305  Jadwin Ave  Richland WA 99354",1-4 Registers (Grocery),Permitted,(Grocery),(Grocery),Grocery,46.286392412017435,-119.27786813312952
"Kahlotus Korners, Inc. (Store)",120  Pasco Kahlotus Rd  Pasco WA 99301,"Kahlotus Korners,Inc. ,120  Pasco Kahlotus Rd  Pasco WA 99301",1-4 Registers (Grocery),Permitted,(Grocery),(Store),,,
Kennewick Bottle and Food (Deli),325 S Union St  Kennewick WA 99336,"Kennewick Bottle and Food ,325 S Union St  Kennewick WA 99336",1-4 Registers (Grocery),Permitted,(Grocery),(Deli),Grocery,46.2066158,-119.179546
Ki-Be Market Grocery & Feed (Store),1215  Horne Rd  Benton City WA 99320,"Ki-Be Market Grocery & Feed ,1215  Horne Rd  Benton City WA 99320",1-4 Registers (Grocery),Permitted,(Grocery),(Store),,,
Kim's Market (FS),1909 W Court St  Pasco WA 99301,"Kim's Market ,1909 W Court St  Pasco WA 99301",0 Seats,Pending,(None,(FS),Food Service,46.24156871428572,-119.1151516122449
Kim's Market (Store),1909 W Court St  Pasco WA 99301,"Kim's Market ,1909 W Court St  Pasco WA 99301",1-4 Registers (Grocery),Pending,(Grocery),(Store),,46.24156871428572,-119.1151516122449
King City Truck Stop (Store),2100 E Hillsboro St  Pasco WA 99301,"King City Truck Stop ,2100 E Hillsboro St  Pasco WA 99301",1-4 Registers (Grocery),Permitted,(Grocery),(Store),,46.26267051282051,-119.08445265641026
Kitchen & Spice Market (Store),1440 W Jadwin Ave  Richland WA 99352,"Kitchen & Spice Market ,1440 W Jadwin Ave  Richland WA 99352",1-4 Registers (Grocery),Permitted,(Grocery),(Store),,37.9817007,-82.0344275
La Cabana #2 Meat Market (Store),1501 W Court St  Pasco WA 99301,"La Cabana  Meat Market ,1501 W Court St  Pasco WA 99301",1-4 Registers (Grocery),Permitted,(Grocery),(Store),,46.2417723,-119.1081017
La Hacienda Meat Market (Grocery),4242 W Van Giesen   West Richland WA 99353,"La Hacienda Meat Market ,4242 W Van Giesen   West Richland WA 99353",1-4 Registers (Grocery),Permitted,(Grocery),(Grocery),Grocery,,
La Palma Market (Store),2120 E Lewis   Pasco WA 99301,"La Palma Market ,2120 E Lewis   Pasco WA 99301",1-4 Registers (Grocery),Permitted,(Grocery),(Store),,,
La Villa (Store),214 N 4th Ave  Pasco WA 99301,"La Villa ,214 N 4th Ave  Pasco WA 99301",1-4 Registers (Grocery),Permitted,(Grocery),(Store),,46.2320463,-119.0933658
Lee's Market (Store),5730 W Van Giesen St  West Richland WA 99353,"Lee's Market ,5730 W Van Giesen St  West Richland WA 99353",1-4 Registers (Grocery),Permitted,(Grocery),(Store),,46.30408542576709,-119.36079390556283
Lep-re-kon Harvest Foods #7 (Store),471  Wine Country Rd  Prosser WA 99350,"Lep-re-kon Harvest Foods  ,471  Wine Country Rd  Prosser WA 99350",1-4 Registers (Grocery),Permitted,(Grocery),(Store),,46.21611876086071,-119.78670990979842
Lep-Re-Kon Mart #4 (Store),620 S Columbia Ave  Connell WA 99326,"Lep-Re-Kon Mart  ,620 S Columbia Ave  Connell WA 99326",1-4 Registers (Grocery),Permitted,(Grocery),(Store),,46.6556196264068,-118.8612533677393
Leyte Oriental Store (Store),1412  Jadwin Ave  Richland WA 99354,"Leyte Oriental Store ,1412  Jadwin Ave  Richland WA 99354",1-4 Registers (Grocery),Permitted,(Grocery),(Store),,46.28979781698718,-119.27741930364637
Los Toreros (Grocery),618  9th St  Benton City WA 99320,"Los Toreros ,618  9th St  Benton City WA 99320",1-4 Registers (Grocery),Permitted,(Grocery),(Grocery),Grocery,46.26368596981998,-119.4877517642179
Love's Travel Stop #811 (FS),3602 N Capitol Ave  Pasco WA 99301,"Love's Travel Stop  ,3602 N Capitol Ave  Pasco WA 99301",0 Seats,Permitted,(None,(FS),Food Service,,
Love's Travel Stop #811 (Store),3602 N Capitol Ave  Pasco WA 99301,"Love's Travel Stop  ,3602 N Capitol Ave  Pasco WA 99301",1-4 Registers (Grocery),Permitted,(Grocery),(Store),,,
Love's Travel Stop (Food Service),700  Wine Country Rd  Prosser WA 99350,"Love's Travel Stop, 700  Wine Country Rd  Prosser WA 99350",0 Seats,Permitted,(None,(Food Service),Food Service,46.2152153,-119.7412529
Love's Travel Stop (Store),700  Wine Country Rd  Prosser WA 99350,"Love's Travel Stop ,700  Wine Country Rd  Prosser WA 99350",1-4 Registers (Grocery),Permitted,(Grocery),(Store),,46.2152153,-119.7412529
Lucky Food Mart (Food Service),22  Goethals Dr  Richland WA 99352,"Lucky Food Mart, 22  Goethals Dr  Richland WA 99352",0 Seats,Probation,(None,(Food Service),Food Service,46.260899027834185,-119.28155718777522
Lucky Food Mart (Store),22  Goethals Dr  Richland WA 99352,"Lucky Food Mart ,22  Goethals Dr  Richland WA 99352",1-4 Registers (Grocery),Permitted,(Grocery),(Store),,46.260899027834185,-119.28155718777522
Market North Co.,270  Helm Dr  Pasco WA 99301,"Market North Co.,270  Helm Dr  Pasco WA 99301",0 Seats,Permitted,(None,,Food Service,,
"Maverik, Inc. #504 (Store)",4306 W Clearwater Ave  Kennewick WA 99336,"Maverik,Inc.  ,4306 W Clearwater Ave  Kennewick WA 99336",1-4 Registers (Grocery),Permitted,(Grocery),(Store),,46.21245353538715,-119.17852212558519
"Maverik, Inc. (Store)",5505 N Road 68   Pasco WA 99301,"Maverik,Inc. ,5505 N Road 68   Pasco WA 99301",1-4 Registers (Grocery),Permitted,(Grocery),(Store),,46.2774021,-119.18545173592412
"Maverik, Inc. II (Store)",3520  Keene Rd  Richland WA 99352,"Maverik,Inc. II ,3520  Keene Rd  Richland WA 99352",1-4 Registers (Grocery),Permitted,(Grocery),(Store),,46.2344297,-119.280056
"Maverik, Inc. III #468 (Store)",3505 N Road 68   Pasco WA 99301,"Maverik,Inc. III  ,3505 N Road 68   Pasco WA 99301",1-4 Registers (Grocery),Permitted,(Grocery),(Store),,46.2663536,-119.1826085
Max Mart (Store),1400 W 4th Ave  Kennewick WA 99336,"Max Mart ,1400 W 4th Ave  Kennewick WA 99336",1-4 Registers (Grocery),Permitted,(Grocery),(Store),,46.2061085,-119.1384875
McCary Meats (HACCP),6880  Road 170   Mesa WA 99343,"McCary Meats ,6880  Road 170   Mesa WA 99343",Map Facilities (Grocery),Permitted,(Grocery),(HACCP),Grocery,,
McCorkle's Market (Store),14601 N Rothrock Rd  Prosser WA 99350,"McCorkle's Market ,14601 N Rothrock Rd  Prosser WA 99350",1-4 Registers (Grocery),Permitted,(Grocery),(Store),,,
Metro Mart (Connell) (FS),1  Eagle Crest Dr  Connell WA 99326,"Metro Mart ,1  Eagle Crest Dr  Connell WA 99326",0 Seats,Permitted,(None,(Connell) (FS),Food Service,,
Metro Mart (Connell) (Store),1  Eagle Crest Dr  Connell WA 99326,"Metro Mart ,1  Eagle Crest Dr  Connell WA 99326",1-4 Registers (Grocery),Permitted,(Grocery),(Connell) (Store),Grocery,,
Metro Mart (Store),1015 W Lewis St  Pasco WA 99301,"Metro Mart ,1015 W Lewis St  Pasco WA 99301",1-4 Registers (Grocery),Permitted,(Grocery),(Store),,46.2289825,-119.1011975
Metro Mart III (Store),520 E Columbia Dr  Kennewick WA 99336,"Metro Mart III ,520 E Columbia Dr  Kennewick WA 99336",1-4 Registers (Grocery),Permitted,(Grocery),(Store),,46.211945,-119.108621
"Mid Columbia Fuel, Inc. (Store)",6409 W Court St  Pasco WA 99301,"Mid Columbia Fuel,Inc. ,6409 W Court St  Pasco WA 99301",1-4 Registers (Grocery),Permitted,(Grocery),(Store),,46.24174624242424,-119.1757855959596
MJR Investments DBA Vista Mart (FS),2610 W Kennewick Ave  Kennewick WA 99336,"MJR Investments DBA Vista Mart ,2610 W Kennewick Ave  Kennewick WA 99336",1-4 Registers (Grocery),Permitted,(Grocery),(FS),Grocery,46.2097039,-119.15614355
MJR Investments DBA Vista Mart (Store),2610 W Kennewick Ave  Kennewick WA 99336,"MJR Investments DBA Vista Mart ,2610 W Kennewick Ave  Kennewick WA 99336",1-4 Registers (Grocery),Permitted,(Grocery),(Store),,46.2097039,-119.15614355
Mr. Qwik's Country (Store),13101 N Glade Rd  Eltopia WA 99330,"Mr. Qwik's Country ,13101 N Glade Rd  Eltopia WA 99330",1-4 Registers (Grocery),Permitted,(Grocery),(Store),,,
Mr. Qwik's Gas & Goodies (Store),2519 W Court St  Pasco WA 99301,"Mr. Qwik's Gas & Goodies ,2519 W Court St  Pasco WA 99301",1-4 Registers (Grocery),Permitted,(Grocery),(Store),,46.241587383838386,-119.12414308080808
Multiservicios y Mas La Mexicana,4215 W Clearwater Ste A Ave  Kennewick WA 99336,"Multiservicios y Mas La Mexicana,4215 W Clearwater Ste A Ave  Kennewick WA 99336",0 Seats,Permitted,(None,,Food Service,,
Natural Grocers,751 N Columbia Center Blvd  Kennewick WA 99336,"Natural Grocers,751 N Columbia Center Blvd  Kennewick WA 99336",1-4 Registers (Grocery),Pending,(Grocery),,Grocery,,
Neighbor's Conoco (Store),780  Stevens Dr  Richland WA 99352,"Neighbor's Conoco ,780  Stevens Dr  Richland WA 99352",1-4 Registers (Grocery),Permitted,(Grocery),(Store),,46.27621216260717,-119.28177908983548
"North Korners, Inc. (Store)",52 E Vineyard Dr  Pasco WA 99301,"North Korners,Inc. ,52 E Vineyard Dr  Pasco WA 99301",1-4 Registers (Grocery),Permitted,(Grocery),(Store),,,
North Prosser Market (FS),130702 W Johnson Way  Prosser WA 99350,"North Prosser Market ,130702 W Johnson Way  Prosser WA 99350",0 Seats,Permitted,(None,(FS),Food Service,,
North Prosser Market (Grocery),130702 W Johnson Way  Prosser WA 99350,"North Prosser Market ,130702 W Johnson Way  Prosser WA 99350",1-4 Registers (Grocery),Permitted,(Grocery),(Grocery),Grocery,,
Oakdell Egg Farms (Store),7401 N Glade Rd  Pasco WA 99301,"Oakdell Egg Farms ,7401 N Glade Rd  Pasco WA 99301",1-4 Registers (Grocery),Permitted,(Grocery),(Store),,,
One Stop Mart (Store),1903  Jadwin Ave  Richland WA 99354,"One Stop Mart ,1903  Jadwin Ave  Richland WA 99354",1-4 Registers (Grocery),Permitted,(Grocery),(Store),,46.30065595,-119.2820736
One Stop Mart 55 (FS),2221 E Lewis St  Pasco WA 99301,"One Stop Mart 55 ,2221 E Lewis St  Pasco WA 99301",0 Seats,Permitted,(None,(FS),Food Service,46.2338081,-119.0733388
One Stop Mart 55 (Store),2221 E Lewis St  Pasco WA 99301,"One Stop Mart 55 ,2221 E Lewis St  Pasco WA 99301",1-4 Registers (Grocery),Permitted,(Grocery),(Store),,46.2338081,-119.0733388
Pacific Food Mart (Food Service),3419 W Clearwater Ave  Kennewick WA 99336,"Pacific Food Mart, 3419 W Clearwater Ave  Kennewick WA 99336",0 Seats,Permitted,(None,(Food Service),Food Service,46.21222948121483,-119.16806569380974
Pacific Food Mart (Store),3419 W Clearwater Ave  Kennewick WA 99336,"Pacific Food Mart ,3419 W Clearwater Ave  Kennewick WA 99336",1-4 Registers (Grocery),Permitted,(Grocery),(Store),,46.21222948121483,-119.16806569380974
Pacific Mini Mart (Store),18 S Washington St  Kennewick WA 99336,"Pacific Mini Mart ,18 S Washington St  Kennewick WA 99336",1-4 Registers (Grocery),Permitted,(Grocery),(Store),,46.20822749725652,-119.11708159378922
Paradise Food Mart (Grocery),1400  Bombing Range Rd  West Richland WA 99353,"Paradise Food Mart ,1400  Bombing Range Rd  West Richland WA 99353",1-4 Registers (Grocery),Permitted,(Grocery),(Grocery),Grocery,46.288649,-119.350403
Pik-A-Pop #1 (Store),1949 N 4th Ave  Pasco WA 99301,"Pik-A-Pop  ,1949 N 4th Ave  Pasco WA 99301",1-4 Registers (Grocery),Permitted,(Grocery),(Store),,46.2462089,-119.09440405000001
Pik-A-Pop #5 (Grocery),110 S Elm Ave  Pasco WA 99301,"Pik-A-Pop  ,110 S Elm Ave  Pasco WA 99301",1-4 Registers (Grocery),Permitted,(Grocery),(Grocery),Grocery,46.233391,-119.07142509752612
Pik-A-Pop #7 (Store),1502 N 4th Ave  Pasco WA 99301,"Pik-A-Pop  ,1502 N 4th Ave  Pasco WA 99301",1-4 Registers (Grocery),Permitted,(Grocery),(Store),,46.2416269,-119.0955006
Pik-A-Pop #8 (Store),526 W Columbia Dr  Kennewick WA 99336,"Pik-A-Pop  ,526 W Columbia Dr  Kennewick WA 99336",1-4 Registers (Grocery),Permitted,(Grocery),(Store),,46.216705,-119.125064
Pik-A-Pop Conoco Gas Station (Store),505  9th St  Benton City WA 99320,"Pik-A-Pop Conoco Gas Station ,505  9th St  Benton City WA 99320",1-4 Registers (Grocery),Permitted,(Grocery),(Store),,46.26219599112047,-119.48770244177932
Pit Stop Mini Mart (FS),6193 W Van Giesen St  West Richland WA 99353,"Pit Stop Mini Mart ,6193 W Van Giesen St  West Richland WA 99353",0 Seats,Permitted,(None,(FS),Food Service,46.2991396,-119.3437318
Pit Stop Mini Mart (Store),6193 W Van Giesen St  West Richland WA 99353,"Pit Stop Mini Mart ,6193 W Van Giesen St  West Richland WA 99353",1-4 Registers (Grocery),Permitted,(Grocery),(Store),,46.2991396,-119.3437318
Prosser Food Mart (FS),1303  Wine Country Rd  Prosser WA 99350,"Prosser Food Mart ,1303  Wine Country Rd  Prosser WA 99350",0 Seats,Permitted,(None,(FS),Food Service,46.20889785714286,-119.77228459183674
Prosser Food Mart (Store),1303  Wine Country Rd  Prosser WA 99350,"Prosser Food Mart ,1303  Wine Country Rd  Prosser WA 99350",1-4 Registers (Grocery),Permitted,(Grocery),(Store),,46.20889785714286,-119.77228459183674
Prosser Mini Mart (FS),1232  Meade Ave  Prosser WA 99350,"Prosser Mini Mart ,1232  Meade Ave  Prosser WA 99350",0 Seats,Permitted,(None,(FS),Food Service,46.20553885672503,-119.76920948897785
Prosser Mini Mart (Grocery),1232  Meade Ave  Prosser WA 99350,"Prosser Mini Mart ,1232  Meade Ave  Prosser WA 99350",1-4 Registers (Grocery),Permitted,(Grocery),(Grocery),Grocery,46.20553885672503,-119.76920948897785
PTM Market (Store),1017  Kinney Way  Prosser WA 99350,"PTM Market ,1017  Kinney Way  Prosser WA 99350",1-4 Registers (Grocery),Permitted,(Grocery),(Store),,46.197774406364005,-119.7765654529672
Queensgate Food Mart (Grocery),999  Queensgate Dr  Richland WA 99352,"Queensgate Food Mart ,999  Queensgate Dr  Richland WA 99352",1-4 Registers (Grocery),Permitted,(Grocery),(Grocery),Grocery,46.249579,-119.3019747
Quick Stop Market & Smoke Shop (Grocery),1931 W Court St  Pasco WA 99301,"Quick Stop Market & Smoke Shop ,1931 W Court St  Pasco WA 99301",1-4 Registers (Grocery),Permitted,(Grocery),(Grocery),Grocery,35.9015768,-86.382915
Quiktrip Gas & Food,221 S 10th Ave  Pasco WA 99301,"Quiktrip Gas & Food,221 S 10th Ave  Pasco WA 99301",1-4 Registers (Grocery),Permitted,(Grocery),,Food Service,32.83357365,-96.83714517
Quiktrip Gas & Food (Deli),221 S 10th Ave  Pasco WA 99301,"Quiktrip Gas & Food ,221 S 10th Ave  Pasco WA 99301",0 Seats,Permitted,(None,(Deli),Food Service,32.83357365,-96.83714517
Quiktrip Gas & Food (R) (Store),33  Goethals Dr  Richland WA 99352,"Quiktrip Gas & Food ,33  Goethals Dr  Richland WA 99352",1-4 Registers (Grocery),Permitted,(Grocery),(R) (Store),,32.83357365,-96.83714517
Ramirez Shellfish (Store),1202 W Lewis St  Pasco WA 99301,"Ramirez Shellfish ,1202 W Lewis St  Pasco WA 99301",1-4 Registers (Grocery),Permitted,(Grocery),(Store),,46.227884194038324,-119.10283848702058
Ramos Food Service,110 S 4th Ave  Pasco WA 99301,"Ramos Food Service,110 S 4th Ave  Pasco WA 99301",0 Seats,Permitted,(None,,Food Service,46.23026887755102,-119.09224924489796
Rancho Meat Market (Store),4903  Robert Wayne Dr  Pasco WA 99301,"Rancho Meat Market ,4903  Robert Wayne Dr  Pasco WA 99301",1-4 Registers (Grocery),Permitted,(Grocery),(Store),,46.27067370779308,-119.1752269559871
Rancho Meat Market 2 (Grocery),8425  Chapel Hill Blvd  Pasco WA 99301,"Rancho Meat Market 2 ,8425  Chapel Hill Blvd  Pasco WA 99301",1-4 Registers (Grocery),Permitted,(Grocery),(Grocery),Grocery,46.2611305,-119.1742212
Red Apple Market (Store),902 S Washington St  Kennewick WA 99336,"Red Apple Market ,902 S Washington St  Kennewick WA 99336",5-9 Registers (Grocery),Permitted,(Grocery),(Store),,46.1990488,-119.117567
Richland Food Mart (FS),500  George Washington Way  Richland WA 99352,"Richland Food Mart ,500  George Washington Way  Richland WA 99352",0 Seats,Permitted,(None,(FS),Food Service,46.272809,-119.2725199
Richland Food Mart (Store),500  George Washington Way  Richland WA 99352,"Richland Food Mart ,500  George Washington Way  Richland WA 99352",1-4 Registers (Grocery),Permitted,(Grocery),(Store),,46.272809,-119.2725199
Richland Health Foods (Store),1769  George Washington Way  Richland WA 99354,"Richland Health Foods ,1769  George Washington Way  Richland WA 99354",1-4 Registers (Grocery),Permitted,(Grocery),(Store),,46.2991248,-119.2756452
Rite Aid #5314 (Store),1308 N 20th Ave  Pasco WA 99301,"Rite Aid  ,1308 N 20th Ave  Pasco WA 99301",1-4 Registers (Grocery),Permitted,(Grocery),(Store),,46.23947075,-119.1190917
Rite Aid #5316 (Store),1901 N Steptoe St  Kennewick WA 99336,"Rite Aid  ,1901 N Steptoe St  Kennewick WA 99336",1-4 Registers (Grocery),Permitted,(Grocery),(Store),,46.227365,-119.244061
Rite Aid #5317 (Store),101 N Ely St  Kennewick WA 99336,"Rite Aid  ,101 N Ely St  Kennewick WA 99336",1-4 Registers (Grocery),Permitted,(Grocery),(Store),,46.2102767,-119.1606115
Rite Aid #5318 (Store),1549  George Washington Way  Richland WA 99352,"Rite Aid  ,1549  George Washington Way  Richland WA 99352",1-4 Registers (Grocery),Permitted,(Grocery),(Store),,46.293284795853225,-119.2744423989531
Rite Aid #5319 (Store),1329  Lee Blvd  Richland WA 99352,"Rite Aid  ,1329  Lee Blvd  Richland WA 99352",1-4 Registers (Grocery),Permitted,(Grocery),(Store),,46.27476189003647,-119.28222337856262
Rocket Mart (Store),2111  Van Giesen St  Richland WA 99352,"Rocket Mart ,2111  Van Giesen St  Richland WA 99352",1-4 Registers (Grocery),Permitted,(Grocery),(Store),,46.29298567483325,-119.29792436980462
Ron's Food Mart (Store),1821 S Washington St  Kennewick WA 99336,"Ron's Food Mart ,1821 S Washington St  Kennewick WA 99336",1-4 Registers (Grocery),Permitted,(Grocery),(Store),,46.1911012,-119.116454
Royal Mart 103 (Grocery),4804 N Road 68   Pasco WA 99301,"Royal Mart 103 ,4804 N Road 68   Pasco WA 99301",1-4 Registers (Grocery),Permitted,(Grocery),(Grocery),Grocery,46.2663536,-119.1826085
Royal Mart 104 (FS),4212 W 27th Ave  Kennewick WA 99336,"Royal Mart 104 ,4212 W 27th Ave  Kennewick WA 99336",0 Seats,Permitted,(None,(FS),Food Service,46.18483514285714,-119.17697728571429
Royal Mart 104 (Grocery),4212 W 27th Ave  Kennewick WA 99336,"Royal Mart 104 ,4212 W 27th Ave  Kennewick WA 99336",1-4 Registers (Grocery),Permitted,(Grocery),(Grocery),Grocery,46.18483514285714,-119.17697728571429
S & S Petroleum (Food Service),1811  Leslie Rd  Richland WA 99352,"S & S Petroleum ,1811  Leslie Rd  Richland WA 99352",0 Seats,Permitted,(None,(Food Service),Food Service,47.7981346,13.0464806
S & S Petroleum (Food Service),1440 N 20th Ave  Pasco WA 99301,"S & S Petroleum ,1440 N 20th Ave  Pasco WA 99301",0 Seats,Permitted,(None,(Food Service),Food Service,47.7981346,13.0464806
S & S Petroleum (Store),1811  Leslie Rd  Richland WA 99352,"S & S Petroleum ,1811  Leslie Rd  Richland WA 99352",1-4 Registers (Grocery),Permitted,(Grocery),(Store),,47.7981346,13.0464806
S & S Petroleum (Store),5208 W Clearwater Ave  Kennewick WA 99336,"S & S Petroleum ,5208 W Clearwater Ave  Kennewick WA 99336",1-4 Registers (Grocery),Permitted,(Grocery),(Store),,47.7981346,13.0464806
S & S Petroleum (Store),1440 N 20th Ave  Pasco WA 99301,"S & S Petroleum ,1440 N 20th Ave  Pasco WA 99301",1-4 Registers (Grocery),Permitted,(Grocery),(Store),,47.7981346,13.0464806
Safeway #252 (Coffee),690  Gage Blvd  Richland WA 99352,"Safeway  ,690  Gage Blvd  Richland WA 99352",0 Seats,Permitted,(None,(Coffee),Food Service,46.22744838852586,-119.27988998461412
Safeway #252 (Store),690  Gage Blvd  Richland WA 99352,"Safeway  ,690  Gage Blvd  Richland WA 99352",10+ Registers (Grocery),Permitted,(Grocery),(Store),,46.22744838852586,-119.27988998461412
Safeway Store #333 (Coffee),1803  George Washington Way  Richland WA 99352,"Safeway Store  ,1803  George Washington Way  Richland WA 99352",0 Seats,Permitted,(None,(Coffee),Food Service,46.2995078,-119.27589754745952
Safeway Store #333 (Store),1803  George Washington Way  Richland WA 99352,"Safeway Store  ,1803  George Washington Way  Richland WA 99352",5-9 Registers (Grocery),Permitted,(Grocery),(Store),,46.2995078,-119.27589754745952
Safeway Store #335 (Store),2825 W Kennewick Ave  Kennewick WA 99336,"Safeway Store  ,2825 W Kennewick Ave  Kennewick WA 99336",5-9 Registers (Grocery),Permitted,(Grocery),(Store),,46.208270299999995,-119.16030731361816
Sammy's Meat Market (Store),201 N 3rd Ave  Pasco WA 99301,"Sammy's Meat Market ,201 N 3rd Ave  Pasco WA 99301",1-4 Registers (Grocery),Permitted,(Grocery),(Store),,46.2321247,-119.09075476486129
Sam's Funnel Cakes,10 E Bruneau   Kennewick WA 99336,"Sam's Funnel Cakes,10 E Bruneau   Kennewick WA 99336",0 Seats,Pending,(None,,Food Service,,
Sandoval's Market (Store),6930  Road 170   Mesa WA 99343,"Sandoval's Market ,6930  Road 170   Mesa WA 99343",1-4 Registers (Grocery),Permitted,(Grocery),(Store),,,
"Schwan's Home Service, Inc. #518097 (C03523M)",1947  Butler Loop NE Richland WA 99354,"Schwan's Home Service,Inc.  ,1947  Butler Loop NE Richland WA 99354",1-4 Registers (Grocery),Permitted,(Grocery),(C03523M),Food Service,,
"Schwan's Home Service, Inc. #518357 (C06481M)",1947  Butler Loop NE Richland WA 99354,"Schwan's Home Service,Inc.  ,1947  Butler Loop NE Richland WA 99354",1-4 Registers (Grocery),Permitted,(Grocery),(C06481M),Food Service,,
"Schwan's Home Service, Inc. #518414 (C42069N)",1947  Butler Loop NE Richland WA 99354,"Schwan's Home Service,Inc.  ,1947  Butler Loop NE Richland WA 99354",1-4 Registers (Grocery),Permitted,(Grocery),(C42069N),Food Service,,
"Schwan's Home Service, Inc. #518550 (C90215P)",1947  Butler Loop NE Richland WA 99354,"Schwan's Home Service,Inc.  ,1947  Butler Loop NE Richland WA 99354",1-4 Registers (Grocery),Permitted,(Grocery),(C90215P),Food Service,,
"Schwan's Home Service, Inc. #518983 (C90214P)",1947  Butler Loop NE Richland WA 99354,"Schwan's Home Service,Inc.  ,1947  Butler Loop NE Richland WA 99354",1-4 Registers (Grocery),Permitted,(Grocery),(C90214P),Food Service,,
Seven Eleven #14423M (Store),4313 W Court St  Pasco WA 99301,"Seven Eleven M ,4313 W Court St  Pasco WA 99301",1-4 Registers (Grocery),Permitted,(Grocery),(Store),,46.241942300000005,-119.14834745987298
Seven Eleven #14428G (Store),415  Wright Ave  Richland WA 99352,"Seven Eleven G ,415  Wright Ave  Richland WA 99352",1-4 Registers (Grocery),Permitted,(Grocery),(Store),,46.27063624390956,-119.29697025113074
Seven Eleven #2362-25412E (Store),2411  George Washington Way  Richland WA 99354,"Seven Eleven -25412E ,2411  George Washington Way  Richland WA 99354",1-4 Registers (Grocery),Permitted,(Grocery),(Store),,46.31865175539768,-119.27315174169773
Seven Eleven #26088K (FS),1540  Jadwin Ave  Richland WA 99352,"Seven Eleven K ,1540  Jadwin Ave  Richland WA 99352",0 Seats,Permitted,(None,(FS),Food Service,46.29306861987311,-119.278883826031
Seven Eleven #26088K (Store),1540  Jadwin Ave  Richland WA 99352,"Seven Eleven K ,1540  Jadwin Ave  Richland WA 99352",1-4 Registers (Grocery),Permitted,(Grocery),(Store),,46.29306861987311,-119.278883826031
Shopping Spot (Store),148 S Road 28   Pasco WA 99301,"Shopping Spot ,148 S Road 28   Pasco WA 99301",1-4 Registers (Grocery),Permitted,(Grocery),(Store),,,
Sky Market #3 (Store),1935 W Sylvester St  Pasco WA 99301,"Sky Market  ,1935 W Sylvester St  Pasco WA 99301",1-4 Registers (Grocery),Permitted,(Grocery),(Store),,46.23419841414141,-119.11665433333333
SM Produce for Less (Deli),135  Vista Way  Kennewick WA 99336,"SM Produce for Less ,135  Vista Way  Kennewick WA 99336",0 Seats,Permitted,(None,(Deli),Grocery,46.21073063265306,-119.15696408163265
SM Produce for Less (Grocery),135  Vista Way  Kennewick WA 99336,"SM Produce for Less ,135  Vista Way  Kennewick WA 99336",1-4 Registers (Grocery),Permitted,(Grocery),(Grocery),Grocery,46.21073063265306,-119.15696408163265
Somer Bakery (Grocery),5601 W Clearwater Ave  Kennewick WA 99336,"Somer Bakery ,5601 W Clearwater Ave  Kennewick WA 99336",1-4 Registers (Grocery),Permitted,(Grocery),(Grocery),Grocery,46.212342414949546,-119.19610697981851
Sun Market #39 (Store),10799  Ridgeline Dr  Kennewick WA 99337,"Sun Market  ,10799  Ridgeline Dr  Kennewick WA 99337",1-4 Registers (Grocery),Permitted,(Grocery),(Store),,46.1953317,-119.2654999
Sun Market #41 (Grocery),2607  Kingsgate Way  Richland WA 99354,"Sun Market  ,2607  Kingsgate Way  Richland WA 99354",1-4 Registers (Grocery),Permitted,(Grocery),(Grocery),Grocery,46.3340713995093,-119.31515583248797
Sun Market #42 (Food Service),1001 E Jacobs Rd NE Benton City WA 99320,"Sun Market, 1001 E Jacobs Rd NE Benton City WA 99320",0 Seats,Permitted,(None,(Food Service),Food Service,46.2615746,-119.4058982
Sun Market #42 (Grocery),1001 E Jacobs Rd NE Benton City WA 99320,"Sun Market  ,1001 E Jacobs Rd NE Benton City WA 99320",1-4 Registers (Grocery),Permitted,(Grocery),(Grocery),Grocery,46.2615746,-119.4058982
Sun Market #43 (Store),6255  Keene Rd  West Richland WA 99353,"Sun Market  ,6255  Keene Rd  West Richland WA 99353",1-4 Registers (Grocery),Permitted,(Grocery),(Store),,46.2729031,-119.37012931027222
Sun Market #45 (Food Service),1400 W 27th Ave  Kennewick WA 99336,"Sun Market, 1400 W 27th Ave  Kennewick WA 99336",0 Seats,Permitted,(None,(Food Service),Food Service,46.184207,-119.138161
Sun Market #45 (Grocery),1400 W 27th Ave  Kennewick WA 99336,"Sun Market  ,1400 W 27th Ave  Kennewick WA 99336",1-4 Registers (Grocery),Permitted,(Grocery),(Grocery),Grocery,46.184207,-119.138161
Sunrise Food Mart (Store),620 N 28th Ave  Pasco WA 99301,"Sunrise Food Mart ,620 N 28th Ave  Pasco WA 99301",1-4 Registers (Grocery),Permitted,(Grocery),(Store),,46.23351610204082,-119.12812334693876
Sunrise Food Mart 2 (FS),508 N 4th Ave  Pasco WA 99301,"Sunrise Food Mart 2 ,508 N 4th Ave  Pasco WA 99301",0 Seats,Permitted,(None,(FS),Food Service,46.234628,-119.094698
Sunrise Food Mart 2 (Store),508 N 4th Ave  Pasco WA 99301,"Sunrise Food Mart 2 ,508 N 4th Ave  Pasco WA 99301",1-4 Registers (Grocery),Permitted,(Grocery),(Store),,46.234628,-119.094698
Super Mex El Pueblo Market (Store),720 N 20th Ave  Pasco WA 99301,"Super Mex El Pueblo Market ,720 N 20th Ave  Pasco WA 99301",5-9 Registers (Grocery),Permitted,(Grocery),(Store),,46.235514,-119.11848071273715
Superior Gasoline (Store),4105  Kennedy Rd  West Richland WA 99353,"Superior Gasoline ,4105  Kennedy Rd  West Richland WA 99353",1-4 Registers (Grocery),Permitted,(Grocery),(Store),,46.25785244058752,-119.33807364264165
Swift Stop (FS),2110  Swift Blvd  Richland WA 99352,"Swift Stop ,2110  Swift Blvd  Richland WA 99352",0 Seats,Pending,(None,(FS),Food Service,46.279054,-119.29797769387756
Swift Stop (Store),2110  Swift Blvd  Richland WA 99352,"Swift Stop ,2110  Swift Blvd  Richland WA 99352",1-4 Registers (Grocery),Pending,(Grocery),(Store),,46.279054,-119.29797769387756
Target #2314 (Food Court),2941  Queensgate Dr  Richland WA 99352,"Target  ,2941  Queensgate Dr  Richland WA 99352",0 Seats,Permitted,(None,(Food Court),Food Service,46.25902635,-119.313128
Target #2314 (Store),2941  Queensgate Dr  Richland WA 99352,"Target  ,2941  Queensgate Dr  Richland WA 99352",1-4 Registers (Grocery),Permitted,(Grocery),(Store),,46.25902635,-119.313128
Target #830 (Store),1106 N Columbia Center Blvd  Kennewick WA 99336,"Target  ,1106 N Columbia Center Blvd  Kennewick WA 99336",1-4 Registers (Grocery),Permitted,(Grocery),(Store),,,
Templeman's Market (HACCP),6205 W Clearwater Ave  Kennewick WA 99336,"Templeman's Market ,6205 W Clearwater Ave  Kennewick WA 99336",Map Facilities (Grocery),Permitted,(Grocery),(HACCP),Grocery,46.21236733320108,-119.20385353510069
Tesoro Truck Stop (Store),528 S Ely St  Kennewick WA 99336,"Tesoro Truck Stop ,528 S Ely St  Kennewick WA 99336",1-4 Registers (Grocery),Permitted,(Grocery),(Store),,46.20447366624486,-119.15870345861616
Tortilleria La Suavecita (Store),3902 W Clearwater Ave  Kennewick WA 99336,"Tortilleria La Suavecita ,3902 W Clearwater Ave  Kennewick WA 99336",1-4 Registers (Grocery),Permitted,(Grocery),(Store),,46.21242614016053,-119.1737043690558
Tortilleria Y Carniceria Monarca (Grocery),1108 W Sylvester St  Pasco WA 99301,"Tortilleria Y Carniceria Monarca ,1108 W Sylvester St  Pasco WA 99301",1-4 Registers (Grocery),Permitted,(Grocery),(Grocery),Grocery,46.23396115384615,-119.10455383076923
Total Stop (Store),813 W Columbia Dr  Kennewick WA 99336,"Total Stop ,813 W Columbia Dr  Kennewick WA 99336",1-4 Registers (Grocery),Permitted,(Grocery),(Store),,46.216753434264334,-119.1290616975554
U.R.M. Cash & Carry #3 (Store),525 N Fruitland St  Kennewick WA 99336,"U.R.M. Cash & Carry  ,525 N Fruitland St  Kennewick WA 99336",1-4 Registers (Grocery),Permitted,(Grocery),(Store),,46.214718266103006,-119.12630589037552
Uncle Jay's Grocery and Deli (FS),305 N Spokane Ave  Kahlotus WA 99335,"Uncle Jay's Grocery and Deli ,305 N Spokane Ave  Kahlotus WA 99335",0 Seats,Permitted,(None,(FS),Grocery,46.6426264,-118.5525331
Uncle Jay's Grocery and Deli (Grocery),305 N Spokane Ave  Kahlotus WA 99335,"Uncle Jay's Grocery and Deli ,305 N Spokane Ave  Kahlotus WA 99335",1-4 Registers (Grocery),Permitted,(Grocery),(Grocery),Grocery,46.6426264,-118.5525331
US Foods CHEF'STORE,1939  Fowler St  Richland WA 99352,"US Foods CHEF'STORE,1939  Fowler St  Richland WA 99352",1-4 Registers (Grocery),Permitted,(Grocery),,Grocery,46.233459046342155,-119.21789920755515
V-5 Market (Store),1009  Dale Ave  Benton City WA 99320,"V-5 Market ,1009  Dale Ave  Benton City WA 99320",1-4 Registers (Grocery),Permitted,(Grocery),(Store),,46.26399478409583,-119.4892694433539
Veronica's Fresh Produce (Food Service),110 S 4th Ave  Pasco WA 99301,"Veronica's Fresh Produce, 110 S 4th Ave  Pasco WA 99301",0 Seats,Permitted,(None,(Food Service),Grocery,46.23026887755102,-119.09224924489796
Veronica's Fresh Produce (FS),3423 W Court St  Pasco WA 99301,"Veronica's Fresh Produce ,3423 W Court St  Pasco WA 99301",0 Seats,Permitted,(None,(FS),Grocery,46.241586777777776,-119.13611633333333
Veronica's Fresh Produce (Grocery),3423 W Court St  Pasco WA 99301,"Veronica's Fresh Produce ,3423 W Court St  Pasco WA 99301",1-4 Registers (Grocery),Permitted,(Grocery),(Grocery),Grocery,46.241586777777776,-119.13611633333333
Veronica's Fruit Stand (FS),1345  Lee Blvd  Richland WA 99352,"Veronica's Fruit Stand ,1345  Lee Blvd  Richland WA 99352",0 Seats,Pending,(None,(FS),Grocery,46.27476879799656,-119.28279290149436
Veronica's Fruit Stand (Grocery),1345  Lee Blvd  Richland WA 99352,"Veronica's Fruit Stand ,1345  Lee Blvd  Richland WA 99352",1-4 Registers (Grocery),Pending,(Grocery),(Grocery),Grocery,46.27476879799656,-119.28279290149436
Walgreens #01078 (Store),2005 W Court St  Pasco WA 99301,"Walgreens  ,2005 W Court St  Pasco WA 99301",1-4 Registers (Grocery),Permitted,(Grocery),(Store),,46.24158885858586,-119.11760975757576
Walgreens #10195 (Store),2800 W Clearwater Ave  Kennewick WA 99336,"Walgreens  ,2800 W Clearwater Ave  Kennewick WA 99336",1-4 Registers (Grocery),Permitted,(Grocery),(Store),,46.2122688,-119.1616751
Walgreens #10478 (Store),1601  George Washington Way  Richland WA 99354,"Walgreens, 1601  George Washington Way  Richland WA 99354",1-4 Registers (Grocery),Permitted,(Grocery),(Store),,46.2948893,-119.2753967
Walgreens #9113 (Store),4000 W 27th Ave  Kennewick WA 99337,"Walgreens, 4000 W 27th Ave  Kennewick WA 99337",1-4 Registers (Grocery),Permitted,(Grocery),(Store),,46.184605,-119.174111
Walgreens #9596 (Store),585  Gage Blvd  Richland WA 99352,"Walgreens, 585  Gage Blvd  Richland WA 99352",1-4 Registers (Grocery),Permitted,(Grocery),(Store),,46.22663875,-119.2655236
Walgreens #9765 (Store),5506  Rd 68   Pasco WA 99301,"Walgreens, 5506  Rd 68   Pasco WA 99301",1-4 Registers (Grocery),Permitted,(Grocery),(Store),,46.27730755,-119.187184
"Walmart, Inc. #2101 (Store)",2720 S Quillan St  Kennewick WA 99337,"Walmart, 2720 S Quillan St  Kennewick WA 99337",10+ Registers (Grocery),Permitted,(Grocery),(Store),,46.18254615,-119.17726612427032
"Walmart, Inc. #3261 (Store)",2801  Duportail St  Richland WA 99352,"Walmart, 2801  Duportail St  Richland WA 99352",10+ Registers (Grocery),Permitted,(Grocery),(Store),,46.2559121,-119.30800960199565
"Walmart, Inc. #3380 (Store)",4820 N Road 68   Pasco WA 99301,"Walmart,Inc.  ,4820 N Road 68   Pasco WA 99301",10+ Registers (Grocery),Permitted,(Grocery),(Store),,46.271997799999994,-119.18824519030548
Winco Foods #2 (Pizza),4602 W Clearwater Ave  Kennewick WA 99336,"Winco Foods  ,4602 W Clearwater Ave  Kennewick WA 99336",0 Seats,Permitted,(None,(Pizza),Food Service,46.21357705,-119.1824126
Winco Foods #2 (Store),4602 W Clearwater Ave  Kennewick WA 99336,"Winco Foods  ,4602 W Clearwater Ave  Kennewick WA 99336",10+ Registers (Grocery),Permitted,(Grocery),(Store),,46.21357705,-119.1824126
Winco Foods #45 (Pizza),101  Columbia Point Dr  Richland WA 99352,"Winco Foods  ,101  Columbia Point Dr  Richland WA 99352",0 Seats,Permitted,(None,(Pizza),Food Service,46.26379529700194,-119.26429947621114
Winco Foods #45 (Store),101  Columbia Point Dr  Richland WA 99352,"Winco Foods  ,101  Columbia Point Dr  Richland WA 99352",10+ Registers (Grocery),Permitted,(Grocery),(Store),,46.26379529700194,-119.26429947621114
Wright's Desert Gold (Store),611  Columbia Park Trail  Richland WA 99352,"Wright's Desert Gold ,611  Columbia Park Trail  Richland WA 99352",1-4 Registers (Grocery),Permitted,(Grocery),(Store),,46.250087701750566,-119.28724228264954
Xpress Mart of Pasco (Store),1724 W Clark St  Pasco WA 99301,"Xpress Mart of Pasco ,1724 W Clark St  Pasco WA 99301",1-4 Registers (Grocery),Permitted,(Grocery),(Store),,46.2283134,-119.1128387
Yoke's Fresh Market (Coffee),4905  Road 68   Pasco WA 99301,"Yoke's Fresh Market ,4905  Road 68   Pasco WA 99301",0 Seats,Permitted,(None,(Coffee),Food Service,46.2604515,-119.1809685
Yoke's Fresh Market (Coffee),454  Keene Rd  Richland WA 99352,"Yoke's Fresh Market ,454  Keene Rd  Richland WA 99352",0 Seats,Permitted,(None,(Coffee),Food Service,46.23751,-119.2812851
Yoke's Fresh Market (Coffee),1401  Bombing Range Rd  West Richland WA 99353,"Yoke's Fresh Market ,1401  Bombing Range Rd  West Richland WA 99353",0 Seats,Permitted,(None,(Coffee),Food Service,46.2873268,-119.3521072
Yoke's Fresh Market (Coffee),1410 W 27th Ave  Kennewick WA 99337,"Yoke's Fresh Market ,1410 W 27th Ave  Kennewick WA 99337",0 Seats,Permitted,(None,(Coffee),Food Service,46.18554055,-119.1389596
Yoke's Fresh Market (HACCP),454  Keene Rd  Richland WA 99352,"Yoke's Fresh Market ,454  Keene Rd  Richland WA 99352",Map Facilities (Grocery),Permitted,(Grocery),(HACCP),Grocery,46.23751,-119.2812851
Yoke's Fresh Market (HACCP),4905  Road 68   Pasco WA 99301,"Yoke's Fresh Market ,4905  Road 68   Pasco WA 99301",Map Facilities (Grocery),Permitted,(Grocery),(HACCP),Grocery,46.2604515,-119.1809685
Yoke's Fresh Market (HACCP),1410 W 27th Ave  Kennewick WA 99337,"Yoke's Fresh Market ,1410 W 27th Ave  Kennewick WA 99337",Map Facilities (Grocery),Permitted,(Grocery),(HACCP),Grocery,46.18554055,-119.1389596
Yoke's Fresh Market (HACCP),1401  Bombing Range Rd  West Richland WA 99353,"Yoke's Fresh Market ,1401  Bombing Range Rd  West Richland WA 99353",Map Facilities (Grocery),Permitted,(Grocery),(HACCP),Grocery,46.2873268,-119.3521072
Yoke's Fresh Market (Kiosk),1410 W 27th Ave  Kennewick WA 99337,"Yoke's Fresh Market ,1410 W 27th Ave  Kennewick WA 99337",0 Seats,Permitted,(None,(Kiosk),Food Service,46.18554055,-119.1389596
Yoke's Fresh Market (Kiosk),4905  Road 68   Pasco WA 99301,"Yoke's Fresh Market ,4905  Road 68   Pasco WA 99301",0 Seats,Permitted,(None,(Kiosk),Food Service,46.2604515,-119.1809685
Yoke's Fresh Market (Store),454  Keene Rd  Richland WA 99352,"Yoke's Fresh Market ,454  Keene Rd  Richland WA 99352",10+ Registers (Grocery),Permitted,(Grocery),(Store),,46.23751,-119.2812851
Yoke's Fresh Market (Store),1401  Bombing Range Rd  West Richland WA 99353,"Yoke's Fresh Market ,1401  Bombing Range Rd  West Richland WA 99353",10+ Registers (Grocery),Permitted,(Grocery),(Store),,46.2873268,-119.3521072
Yoke's Fresh Market (Store),4905  Road 68   Pasco WA 99301,"Yoke's Fresh Market ,4905  Road 68   Pasco WA 99301",10+ Registers (Grocery),Permitted,(Grocery),(Store),,46.2604515,-119.1809685
Yoke's Fresh Market (Store),1410 W 27th Ave  Kennewick WA 99337,"Yoke's Fresh Market ,1410 W 27th Ave  Kennewick WA 99337",10+ Registers (Grocery),Permitted,(Grocery),(Store),,46.18554055,-119.1389596
El Jazmin (Store),704 S Columbia Ave Connell WA 99326,"El Jazmin, 704 S Columbia Ave Connell WA 99326",1-4 Registers (Grocery),,(Grocery),(Store),Grocery or other Store that Sells Produce,46.6540581,-118.86096880006116
Castilleja Bakery,2120 N 4th Ave Pasco WA 99301,"Castilleja Bakery, 2120 N 4th Ave Pasco WA 9",Bakery,,Bakery,,Grocery or other Store that Sells Produce,46.2473597,-119.09524404939421
"Juanitos Foods, LLC (Store)",1620 W Clark St Pasco WA 99301,"Juanitos Foods LLC, 1620 W Clark St Pasco WA 99301",1-4 Registers (Grocery),,(Grocery),(Store),Grocery or other Store that Sells Produce,46.22856369387755,-119.10992920408164
Panaderia Estrella,615 W Columbia Dr Kennewick WA 99336,"Panaderia Estrella, 615 W Columbia Dr Kennewick WA 99336",Bakery w/ PHF,,Bakery w/ PHF,,Grocery or other Store that Sells Produce,46.216740269302214,-119.12648071590773
"La Rosa Picosa, LLC",1412 N 14th Ave Pasco WA 99301,"La Rosa Picosa LLC, 1412 N 14th Ave Pasco WA 99301",Bakery w/o PHF,,Bakery w/ PHF,,Grocery or other Store that Sells Produce,46.24081135,-119.10757325
Tortilleria Las Palmas (Store),1108 W Sylvester St Pasco WA 99301,"Tortilleria Las Palmas, 1108 W Sylvester St Pasco WA 99301",1-4 Registers (Grocery),,(Grocery),(Store),Grocery or other Store that Sells Produce,46.23396115384615,-119.10455383076923
Rancho Meat Market (Store),4903 Robert Wayne Dr Pasco WA 99301,"Rancho Meat Market, 4903 Robert Wayne Dr Pasco WA 99301",1-4 Registers (Grocery),,(Grocery),(Store),Grocery or other Store that Sells Produce,46.27067370779308,-119.1752269559871
Carniceria Los Toreros (Store),2115 E Lewis St Pasco WA 99301,"Carniceria Los Toreros, 2115 E Lewis St Pasco WA 99301",1-4 Registers (Grocery),,(Grocery),(Store),Grocery or other Store that Sells Produce,46.23383401770224,-119.06848400058944
Carniceria La Cabana #4 (Store),5426 N Road 68  Pasco WA 99301,"Carniceria La Cabana, 5426 N Road 68   Pasco WA 99301",1-4 Registers (Grocery),,(Grocery),(Store),Grocery or other Store that Sells Produce,46.2766193,-119.187234
Carniceria La Carreta (Store),1305 W 4th Ave Kennewick WA 99336,"Carniceria La Carreta, 1305 W 4th Ave Kennewick WA 99336",1-4 Registers (Grocery),,(Grocery),(Store),Grocery or other Store that Sells Produce,46.205674,-119.13631595960557
Los Toreros Tienda y Carniceria (Store),618 9th St Benton City WA 99320,"Los Toreros Tienda y Carniceria, 618 9th St Benton City WA 99320",1-4 Registers (Grocery),,(Grocery),(Store),Grocery or other Store that Sells Produce,46.26368596981998,-119.4877517642179
Carniceria La Cabana #3 (Store),4311 W Clearwater Ave Kennewick WA 99336,"Carniceria La Cabana, 4311 W Clearwater Ave Kennewick WA 99336",1-4 Registers (Grocery),,(Grocery),(Store),Grocery or other Store that Sells Produce,46.21228881698013,-119.1785748592525
"Carniceria 3 Pueblos, LLC (Store)",2446 W Kennewick Ave Kennewick WA 99336,"Carniceria 3 Pueblos LLC, 2446 W Kennewick Ave Kennewick WA 99336",1-4 Registers (Grocery),,(Grocery),(Store),Grocery or other Store that Sells Produce,46.20951721340193,-119.15253845822551
Los Vecinos (Store),804 6th St Prosser WA 99350,"Los Vecinos, 804 6th St Prosser WA 99350",1-4 Registers (Grocery),,(Grocery),(Store),Grocery or other Store that Sells Produce,46.204406480542545,-119.76823809484094
Panaderia Colima,801 W Clark St Pasco WA 99301,"Panaderia Colima, 801 W Clark St Pasco WA 99301",Bakery w/ PHF,,Bakery w/ PHF,,Grocery or other Store that Sells Produce,46.230245,-119.0983
3 Pueblos Meat Market (Store),1212 N 4th Ave Pasco WA 99301,"3 Pueblos Meat Market, 1212 N 4th Ave Pasco WA 99301",1-4 Registers (Grocery),,(Grocery),(Store),Grocery or other Store that Sells Produce,46.2386807,-119.0952986
La Palma Grocery & Deli (Store),2020 E Lewis St Pasco WA 99301,"La Palma Grocery & Deli, 2020 E Lewis St Pasco WA 99301",1-4 Registers (Grocery),,(Grocery),(Store),Grocery or other Store that Sells Produce,46.233674,-119.069285
La Hacienda Meat Market (Store),4242 W Van Giesen  West Richland WA 99353,"La Hacienda Meat Market, 4242 W Van Giesen  West Richland WA 99353",1-4 Registers (Grocery),,(Grocery),(Store),Grocery or other Store that Sells Produce,,
Carniceria Los Toreros (Store),210 Chardonnay Ave Prosser WA 99350,"Carniceria Los Toreros, 210 Chardonnay Ave Prosser WA 99350",1-4 Registers (Grocery),,(Grocery),(Store),Grocery or other Store that Sells Produce,46.2181949,-119.7869282
Carniceria El Sol LLC (Store),623 9th St Benton City WA 99320,"Carniceria El Sol LLC, 623 9th St Benton City WA 99320",1-4 Registers (Grocery),,(Grocery),(Store),Grocery or other Store that Sells Produce,46.263701701950225,-119.48775100169118
La Palma Market (Store),2120 E Lewis  Pasco WA 99301,"La Palma Market, 2120 E Lewis  Pasco WA 99301",1-4 Registers (Grocery),,(Grocery),(Store),Grocery or other Store that Sells Produce,,
El Torito MX Market (Store),420 W Lewis St Pasco WA 99301,"El Torito MX Market, 420 W Lewis St Pasco WA 99301",1-4 Registers (Grocery),,(Grocery),(Store),Grocery or other Store that Sells Produce,46.2305483,-119.091251
Ramirez Shellfish (Store),1202 W Lewis St Pasco WA 99301,"Ramirez Shellfish, 1202 W Lewis St Pasco WA 99301",1-4 Registers (Grocery),,(Grocery),(Store),Grocery or other Store that Sells Produce,46.227884194038324,-119.10283848702058
Amarilis's Meat Market (Store),1825 W Court St Pasco WA 99301,"Amarilis's Meat Market, 1825 W Court St Pasco WA 99301",1-4 Registers (Grocery),,(Grocery),(Store),Grocery or other Store that Sells Produce,46.2419069,-119.113887
La Cabana #2 Meat Market (Store),1501 W Court St Pasco WA 99301,"La Cabana #2 Meat Market, 1501 W Court St Pasco WA 99301",1-4 Registers (Grocery),,(Grocery),(Store),Grocery or other Store that Sells Produce,46.2417723,-119.1081017
"Carniceria La Mas Barata, Inc (Store)",214 N 4th Ave Pasco WA 99301,"Carniceria La Mas Barata Inc, 214 N 4th Ave Pasco WA 99301",1-4 Registers (Grocery),,(Grocery),(Store),Grocery or other Store that Sells Produce,46.2320463,-119.0933658
Carniceria La Cabana #3 - Richland - (Grocery),1305 Jadwin Ave Richland WA 99354,"Carniceria La Cabana, 1305 Jadwin Ave Richland WA 99354",1-4 Registers (Grocery),,(Grocery),(Grocery),Grocery or other Store that Sells Produce,46.286392412017435,-119.27786813312952
